Country,Content,"Play Duration Milliseconds","First Played","Last Played","Last Received","Source Type",Rankings
"United States","Don Toliver",111041925,1706655331451,1737746088777,1737746093822,"IPHONE, MACINTOSH",1
"United States","Childish Gambino",76640863,1706283737107,1737391132481,1737391133032,"IPHONE, MACINTOSH",2
"United States",Drake,73502541,1706280554152,1737669991840,1737670090206,"IPHONE, MACINTOSH",3
"United States",Dave,72324511,1706207559652,1737659022648,1737658825340,"IPHONE, MACINTOSH",4
"United States",keshi,56523702,1706192920471,1737753663884,1737753664041,"IPHONE, MACINTOSH",5
"United States","Kanye West",55304490,1706277483812,1737567397013,1737567181890,"IPHONE, MACINTOSH",6
"United States","Paris Texas",54578780,1710363494965,1737753049503,1737753054780,IPHONE,7
"United States","Tyler, The Creator",51176021,1706236301644,1737596193010,1737596198333,"IPHONE, MACINTOSH",8
"United States",BROCKHAMPTON,48892569,1706276754792,1737746249481,1737746249680,"IPHONE, MACINTOSH",9
"United States","The Weeknd",47665970,1706328804691,1737646868739,1737646648772,"IPHONE, MACINTOSH",10
"United States","Travis Scott",47082387,1706213865173,1737583549826,1737583554873,IPHONE,11
"United States",Nujabes,46440088,1706565830135,1737747062560,1737747067755,IPHONE,12
"United States","Baby Keem",44475527,1706283921113,1737645571558,1737645571589,IPHONE,13
"United States","Kendrick Lamar",42249284,1706235912974,1737583912344,1737583917407,"IPHONE, MACINTOSH",14
"United States",beabadoobee,41248475,1706566376982,1737752215979,1737752221050,"IPHONE, MACINTOSH",15
"United States",Joji,41039630,1706198040186,1737647022345,1737647022997,"IPHONE, MACINTOSH",16
"United States",Jaden,39389353,1706543855608,1737596061375,1737596036741,"IPHONE, MACINTOSH",17
"United States",JPEGMAFIA,39011751,1706278391916,1737566015042,1737565789505,IPHONE,18
"United States",Future,36460770,1710539786154,1737159368072,1737159373111,"IPHONE, MACINTOSH",19
"United States","Lil Yachty",35824468,1706566565641,1737646004165,1737645941038,IPHONE,20
"United States","Kenny Mason",33050572,1710563690386,1737229952090,1737229799687,IPHONE,21
"United States","Cosmo Pyke",32753726,1706192034633,1737645844502,1737645844543,"IPHONE, MACINTOSH",22
"United States","J. Cole",30683726,1712328623154,1737753615557,1737753620704,IPHONE,23
"United States",Pouya,29165442,1706883817874,1737551699565,1737551699877,"IPHONE, MACINTOSH",24
"United States","1999 WRITE THE FUTURE",28295324,1709139577999,1737556464105,1737556469185,IPHONE,25
"United States",BabyTron,26827504,1706384513496,1737646168737,1737646169217,"IPHONE, MACINTOSH",26
"United States",4batz,25740632,1710595696033,1737595131944,1737595045801,"IPHONE, MACINTOSH",27
"United States","Snoh Aalegra",23827317,1706573039159,1737272739105,1737272739151,"IPHONE, MACINTOSH",28
"United States","Rex Orange County",23407173,1706918573503,1736897806206,1736897806261,"IPHONE, MACINTOSH",29
"United States",SZA,22610252,1706624109989,1737243978429,1737243983473,"IPHONE, MACINTOSH",30
"United States","¥$",22181474,1708094959151,1736808553291,1736808553555,IPHONE,31
"United States","070 Shake",21547346,1708744258683,1737752786416,1737752815448,"IPHONE, MACINTOSH",32
"United States","Weyes Blood",21514593,1706884927913,1737555882418,1737555887663,IPHONE,33
"United States","Concrete Boys",21179055,1712942983980,1737141736552,1737141741653,IPHONE,34
"United States",Mitski,20643044,1706284242427,1737555599014,1737552327136,IPHONE,35
"United States","Post Malone",19770834,1707576519794,1737566622738,1737566627789,IPHONE,36
"United States","Frank Ocean",19568008,1706474940486,1736999169508,1736999174629,"IPHONE, MACINTOSH",37
"United States",Clairo,19495868,1708644979678,1737249875866,1737244246554,"IPHONE, MACINTOSH",38
"United States","Lil Tecca",19294933,1706208039697,1737218751353,1737218751457,IPHONE,39
"United States","Vince Staples",19032965,1707542015386,1736832748303,1736832753406,IPHONE,40
"United States","Lil Uzi Vert",18487040,1706234015435,1737272409373,1737268361920,"IPHONE, MACINTOSH",41
"United States","Dominic Fike",18464082,1706571223649,1736964287117,1736964292162,"IPHONE, MACINTOSH",42
"United States",Cuco,18166281,1706192688095,1737745368889,1737745373938,"IPHONE, MACINTOSH",43
"United States","That Mexican OT",18114013,1708094520372,1737251412056,1737251417095,IPHONE,44
"United States","Masayoshi Takanaka",17104115,1731716646166,1736748868836,1736748873876,IPHONE,45
"United States",Smino,16969014,1706198122251,1737472539078,1737472544117,IPHONE,46
"United States","Metro Boomin",16823539,1706463174420,1737242426819,1737242431848,IPHONE,47
"United States","Kali Uchis",16664879,1706192344318,1737571819209,1737571795817,"IPHONE, MACINTOSH",48
"United States","Tame Impala",16486134,1706288773310,1736966227767,1736966227884,"IPHONE, MACINTOSH",49
"United States",KAYTRANADA,16407747,1706655198650,1737157640290,1737157476036,"IPHONE, MACINTOSH",50
"United States","Lana Del Rey",16352470,1706233578887,1736979317309,1736979322367,"IPHONE, MACINTOSH",51
"United States","Tory Lanez",16234162,1706279019186,1737435288773,1737435288985,"IPHONE, MACINTOSH",52
"United States",Logic,14883508,1706543479063,1737473115306,1737473120366,"IPHONE, MACINTOSH",53
"United States","Mac Miller",14684173,1706328263934,1737251280125,1737251285167,"IPHONE, MACINTOSH",54
"United States",Anri,14435908,1706151287213,1737229017216,1737229017237,IPHONE,55
"United States",NxWorries,14321874,1718464127814,1737159415497,1737159420530,IPHONE,56
"United States","wave to earth",14295281,1725755853103,1737753243401,1737753248464,IPHONE,57
"United States",Sainté,14265314,1725337182770,1737583203019,1737583208069,IPHONE,58
"United States","Central Cee",13038099,1706233916309,1737645076338,1737645076781,"IPHONE, MACINTOSH",59
"United States","Deb Never",13007856,1708098725834,1736615298136,1736615303175,"IPHONE, MACINTOSH",60
"United States","Kid Cudi",12591929,1706278802424,1736869050870,1736868891994,"IPHONE, MACINTOSH",61
"United States","Little Simz",12537691,1707921888623,1736786291382,1736786296453,IPHONE,62
"United States","Steve Lacy",12486053,1706888789453,1737566911068,1737566916126,IPHONE,63
"United States","21 Savage",12399438,1706284399082,1737267622127,1737267623345,IPHONE,64
"United States","Billie Eilish",12298641,1707575970177,1737327366733,1737327367018,"IPHONE, MACINTOSH",65
"United States","Guapdad 4000",12267710,1706235694032,1737275056154,1737274986003,"IPHONE, MACINTOSH",66
"United States","Tommy Richman",12070714,1707100377609,1735873073927,1735873078973,IPHONE,67
"United States",Jakey,12038341,1708096564130,1737099574521,1737099574601,IPHONE,68
"United States","Denzel Curry",11838855,1706279178635,1737341748376,1737341748432,IPHONE,69
"United States",KYLE,11691654,1709959805689,1737511743849,1737511743919,"IPHONE, MACINTOSH",70
"United States","Hiroshi Sato",11637055,1709332917379,1737243808230,1737243813261,"IPHONE, MACINTOSH",71
"United States","The Kid LAROI",11616634,1706235370310,1736964044793,1736964049831,IPHONE,72
"United States",Aminé,11477118,1706287958834,1737747477032,1737747482087,IPHONE,73
"United States",JID,11446865,1706802653074,1737435087633,1737435092685,IPHONE,74
"United States","Remi Wolf",11111670,1706281706777,1737099780670,1737099780973,IPHONE,75
"United States","Still Woozy",11047929,1706282016508,1736315523055,1736315528098,IPHONE,76
"United States","Japanese Breakfast",10649815,1708736951964,1736898019055,1736898024086,IPHONE,77
"United States","Brent Faiyaz",10218397,1706208222168,1737158885958,1737158891000,"IPHONE, MACINTOSH",78
"United States","Action Bronson",10201964,1706991539398,1735609807428,1735609808134,IPHONE,79
"United States","A Boogie wit da Hoodie",9923190,1708118933535,1735885352809,1735885357868,IPHONE,80
"United States","Santa Esmeralda",9838366,1709449386646,1737252741134,1737252741230,IPHONE,81
"United States",Sampha,9649685,1706207713509,1737745901307,1737745906351,IPHONE,82
"United States",AntsLive,9467396,1706803851615,1737746728268,1737746733346,IPHONE,83
"United States","A$AP Rocky",9464307,1710103957660,1736783223791,1736783224777,"IPHONE, MACINTOSH",84
"United States",PinkPantheress,9371645,1706208396719,1736711804138,1736711804601,IPHONE,85
"United States",RAYE,9318860,1706319650037,1735024852542,1735024721497,"IPHONE, MACINTOSH",86
"United States","Jean Dawson",9288479,1711432068126,1737748638083,1737748651426,IPHONE,87
"United States",NIKI,9102234,1706477909809,1737475349309,1737475192503,IPHONE,88
"United States","AG Club",9055774,1706924820181,1736712137586,1736712142643,IPHONE,89
"United States",ShittyBoyz,8952040,1706281374562,1737753375612,1737753380672,"IPHONE, MACINTOSH",90
"United States",UMI,8879903,1708272512809,1737567055663,1737567060726,IPHONE,91
"United States","Rina Sawayama",7944305,1706288519824,1736782775243,1736782780300,IPHONE,92
"United States","THE BLSSM",7818565,1709331500250,1737474185886,1737474190974,"IPHONE, MACINTOSH",93
"United States","FKA twigs",7610606,1708184800399,1737566282576,1737566164588,IPHONE,94
"United States","Soul Source Production",7438335,1728567472464,1737748072141,1737748616023,"IPHONE, MACINTOSH",95
"United States","$NOT",7426479,1706235566946,1736105078522,1736105083560,"IPHONE, MACINTOSH",96
"United States",Rocci,7038701,1706288362407,1736315736497,1736315741532,"IPHONE, MACINTOSH",97
"United States",d4vd,7001463,1706328562246,1737752060309,1737752065530,"IPHONE, MACINTOSH",98
"United States","Lyrical Lemonade",6956703,1706308362878,1736963880056,1736963885100,IPHONE,99
"United States","Ariana Grande",6622945,1709854607724,1732506374491,1732506374829,IPHONE,100
"United States",Yaeji,6581440,1706738200296,1736661434881,1736661439976,IPHONE,101
"United States","Lil Baby",6468464,1706405057345,1736625685670,1736625690723,IPHONE,102
"United States",Laufey,6147914,1707947748687,1736965108158,1736965113225,IPHONE,103
"United States","Yves Tumor",6095481,1706676788133,1730263116780,1730263116820,IPHONE,104
"United States",Rihanna,6093678,1708546922932,1734234527780,1734234532828,IPHONE,105
"United States","Taylor Swift",6040979,1711857570268,1729980381457,1729980386495,IPHONE,106
"United States",WILLOW,5972815,1709332961721,1736573974641,1736573979682,"IPHONE, MACINTOSH",107
"United States",Dhruv,5909501,1712875840799,1737595285626,1737595285700,IPHONE,108
"United States","AJ Tracey",5808274,1706234609487,1737275671673,1737275671718,IPHONE,109
"United States",Yeat,5771921,1707882982078,1735779051972,1735779057013,"IPHONE, MACINTOSH",110
"United States","Calvin Harris",5703195,1706276383374,1730510480813,1730510481672,IPHONE,111
"United States",Sadistics,5596933,1731972340876,1736627345192,1736627350245,IPHONE,112
"United States",Bakar,5580769,1706933756010,1737472745577,1737472750625,IPHONE,113
"United States",chamberecho,5555634,1709969813035,1724931604942,1724931605021,IPHONE,114
"United States","KrispyLife Kidd",5541136,1706281517542,1736808383692,1736808553555,IPHONE,115
"United States","Jorja Smith",5472406,1706331013004,1736615093199,1736615098245,IPHONE,116
"United States","Phum Viphurit",5469117,1706931643279,1736876472506,1736876477566,IPHONE,117
"United States","Luh Tyler",5317547,1706234059701,1737752823618,1737752828720,"IPHONE, MACINTOSH",118
"United States","Juice WRLD",5181429,1706236637690,1737567745101,1737567746117,IPHONE,119
"United States","Joyce Wrice",5127659,1708814007316,1736711746248,1736711415487,IPHONE,120
"United States","Leon Thomas",4971055,1727221349087,1735606696861,1735606701914,IPHONE,121
"United States","Polo G",4953486,1708184376793,1737645421932,1737645421968,"IPHONE, MACINTOSH",122
"United States","Snail Mail",4867333,1712582499563,1736898967622,1736898968090,"IPHONE, MACINTOSH",123
"United States",88rising,4688690,1706478726493,1736366656927,1736366661971,"IPHONE, MACINTOSH",124
"United States","El Cousteau",4629909,1730050402270,1737267752022,1737267752826,IPHONE,125
"United States","Joy Crookes",4620835,1708202333971,1737392902294,1737392904238,"IPHONE, MACINTOSH",126
"United States","Doja Cat",4462819,1706283679190,1737747320939,1737747326007,IPHONE,127
"United States","ScHoolboy Q",4397305,1710742017704,1736365943458,1736365948505,IPHONE,128
"United States","Rich Brian",4352837,1706377896732,1733991731051,1733991736084,IPHONE,129
"United States",Ginuwine,4348570,1714365093859,1736748026402,1736748031450,"IPHONE, MACINTOSH",130
"United States",Saba,4340224,1706284044699,1736364524370,1736364529437,IPHONE,131
"United States","Stevie Wonder",4299308,1714366270629,1736748522762,1736748527811,IPHONE,132
"United States","Sleep Camp",4255785,1709970046558,1724932993927,1724932994016,IPHONE,133
"United States","Young Thug",4200684,1706234889311,1736787722198,1736787683192,IPHONE,134
"United States","Jack Harlow",4149198,1706279685240,1736783368322,1736783374218,IPHONE,135
"United States","Powers Pleasant",4127951,1710119120859,1736784474553,1736784479631,"IPHONE, MACINTOSH",136
"United States","J Hus",4121730,1706233827932,1734116355986,1734116358048,IPHONE,137
"United States","kindred clouds",4118119,1709978891013,1724935090860,1724935090941,IPHONE,138
"United States",Sade,4080746,1709332392160,1736748296168,1736748301219,IPHONE,139
"United States",Gunna,4069875,1706991785269,1734830636612,1734830641659,"IPHONE, MACINTOSH",140
"United States","21 Lil Harold",4054113,1714397647705,1737142088535,1737142093607,IPHONE,141
"United States",Riovaz,4039221,1708096423974,1737647326813,1737647269610,IPHONE,142
"United States",redveil,4034859,1706676064560,1736960717103,1736960722148,IPHONE,143
"United States","A$AP Mob",4034431,1706236133619,1734831180234,1734831185290,IPHONE,144
"United States","Rod Wave",3929251,1708118580331,1737570976734,1737570981782,IPHONE,145
"United States","Lauryn Hill",3916731,1717392251189,1736745655545,1736745660586,"IPHONE, MACINTOSH",146
"United States",YungManny,3894994,1708095613849,1732396989482,1732396994549,IPHONE,147
"United States","Barely Legal",3891857,1726150390307,1734505856216,1734505856537,IPHONE,148
"United States","Playboi Carti",3824947,1710853961187,1731450584927,1731450589976,"IPHONE, MACINTOSH",149
"United States",Dreamville,3820900,1706991927013,1735696899518,1735696904574,IPHONE,150
"United States",USHER,3782845,1707881702492,1730511855727,1730511855779,IPHONE,151
"United States","Digga D",3753910,1706885804932,1735886633046,1735886633549,IPHONE,152
"United States",Migos,3753007,1706458730141,1729998572627,1729998577669,IPHONE,153
"United States",6LACK,3671674,1709961104634,1735235191832,1735235196881,IPHONE,154
"United States","James Blake",3633880,1719759410830,1719981211259,1719981211895,IPHONE,155
"United States","Charli xcx",3619143,1711431704108,1737475042467,1737474722888,"IPHONE, MACINTOSH",156
"United States","Kadhja Bonet",3603975,1726956613314,1737551973424,1737551978499,IPHONE,157
"United States",Gorillaz,3517132,1720222928062,1736999396323,1736999401412,"IPHONE, MACINTOSH",158
"United States","Teezo Touchdown",3487346,1706284590657,1736785894920,1736785900011,IPHONE,159
"United States","Pop Smoke",3324609,1711211259720,1736625174848,1736625174889,IPHONE,160
"United States","Bad Bunny",3284781,1709852143644,1729983978894,1729983979245,IPHONE,161
"United States",Estelle,3248784,1706281040763,1730000286638,1730000286731,IPHONE,162
"United States","Gus Dapperton",3236495,1717739236632,1736875543167,1736875548212,"IPHONE, MACINTOSH",163
"United States","Bryson Tiller",3234557,1712450997015,1725245083253,1725245083367,IPHONE,164
"United States",YUNGBLUD,3223681,1719189894152,1724693798016,1724693801522,IPHONE,165
"United States","Daft Punk",3206186,1706283379583,1720834742199,1720834742851,IPHONE,166
"United States",Mustard,3178310,1713796815583,1722446869614,1722446872189,IPHONE,167
"United States","Dua Lipa",3170496,1709916577508,1734233994319,1734233999372,IPHONE,168
"United States","Princess Nokia",3148965,1706738694307,1736355996570,1736356001644,"IPHONE, MACINTOSH",169
"United States","Mac DeMarco",3121126,1706635556418,1737040674594,1737040679642,IPHONE,170
"United States","See You Next Year",3109433,1726457808464,1737471953895,1737471955834,IPHONE,171
"United States",Thundercat,3103319,1716068807703,1737567571992,1737567573406,"IPHONE, MACINTOSH",172
"United States","Joey Bada$$",3056001,1706709597768,1734162509631,1734162514686,IPHONE,173
"United States",DaBoii,3033963,1734728881403,1737747672961,1737747678006,IPHONE,174
"United States","George Michael",3033058,1709417600046,1732487433615,1732487438660,IPHONE,175
"United States",Skepta,3015870,1717266094290,1736998132803,1736998134863,"IPHONE, MACINTOSH",176
"United States","Burna Boy",2976267,1706803708668,1734569034553,1734569039589,IPHONE,177
"United States",OutKast,2959961,1708546613178,1736095990996,1736094770720,IPHONE,178
"United States","Kodak Black",2946406,1709397188561,1731957671940,1731957672779,IPHONE,179
"United States",Seal,2934891,1709331211560,1730529573739,1730529574177,IPHONE,180
"United States",ian,2927599,1716086987947,1734116443780,1734116443828,"IPHONE, MACINTOSH",181
"United States",TheHxliday,2839614,1708448104222,1737744859672,1737744862690,IPHONE,182
"United States",Stormzy,2747309,1714673783387,1732808696162,1732808183177,IPHONE,183
"United States","Tee Grizzley",2709546,1706458573681,1732395342849,1732395347888,IPHONE,184
"United States",Pitbull,2696963,1719022746881,1729979124149,1729979124618,IPHONE,185
"United States","The Killers",2690861,1718824336946,1721529840734,1721529840938,IPHONE,186
"United States","Miki Matsubara",2684165,1709333395266,1734826184888,1734826189938,IPHONE,187
"United States",Eminem,2647085,1720411112983,1736448663326,1736448535401,IPHONE,188
"United States",Buddy,2592789,1710564036683,1724626310002,1724626312458,IPHONE,189
"United States","MF DOOM",2582513,1710564902649,1730056330592,1730056330903,IPHONE,190
"United States","G Herbo",2557723,1710854550653,1736090359371,1736090364405,"IPHONE, MACINTOSH",191
"United States",BENEE,2486313,1706330395372,1724699915724,1724699920788,IPHONE,192
"United States",SSGKobe,2478241,1710564721204,1735885746412,1735885751473,IPHONE,193
"United States",Madvillain,2472313,1717348584477,1728359760526,1728359760565,IPHONE,194
"United States","Internet Money",2469464,1708216560734,1737568099457,1737568297181,IPHONE,195
"United States","Olivia Rodrigo",2436565,1719014602277,1729984376041,1729984381077,IPHONE,196
"United States","SOB X RBE",2428736,1712610891030,1734030950658,1734030955745,IPHONE,197
"United States",Shakira,2416883,1715090794004,1729980870326,1729980875362,IPHONE,198
"United States","bLAck pARty",2377250,1713104976970,1737551547936,1737551349415,IPHONE,199
"United States","Trippie Redd",2345470,1710182732547,1735585176777,1735585176823,IPHONE,200
"United States",Cordae,2325813,1713486012650,1733933634310,1733933634374,IPHONE,201
"United States","Lupe Fiasco",2305290,1715009270754,1733972359369,1733972364412,"IPHONE, MACINTOSH",202
"United States",Miguel,2299928,1714320963930,1736300694661,1736300699689,IPHONE,203
"United States","Higher Brothers",2295411,1713795356704,1736094083758,1736094088798,IPHONE,204
"United States","Earl Sweatshirt",2267698,1706738886585,1735924121987,1735924125672,IPHONE,205
"United States",GoldLink,2266278,1706884178541,1735698846527,1735698847429,"IPHONE, MACINTOSH",206
"United States",slowthai,2252574,1708728820879,1737567910924,1737568297181,IPHONE,207
"United States",Paramore,2243429,1706278572019,1734157455567,1734157452155,IPHONE,208
"United States","Mariya Takeuchi",2218283,1706635238406,1731719635456,1731719640507,IPHONE,209
"United States","Faye Webster",2210260,1728971965251,1728974184188,1728974184536,IPHONE,210
"United States","Cigarettes After Sex",2169679,1719807888480,1736661968401,1736661973485,IPHONE,211
"United States",RINI,2168483,1707543449502,1736712577483,1736712582539,IPHONE,212
"United States",GIVĒON,2160439,1712527301843,1737395133199,1737395133677,IPHONE,213
"United States","Tove Lo",2157489,1707608980805,1731169790314,1731169790830,IPHONE,214
"United States","Nardo Wick",2154784,1708271612806,1736786909403,1736786915566,IPHONE,215
"United States","Sean Kingston",2146795,1719088334433,1734157306933,1734157307300,IPHONE,216
"United States","Nelly Furtado",2115063,1718826048592,1720914457767,1720914458018,IPHONE,217
"United States",Kinoko,2112129,1709986514567,1724933617769,1724933617852,IPHONE,218
"United States",Aaliyah,2098271,1713555263413,1736747208302,1736747213362,IPHONE,219
"United States","Gwen Stefani",2074660,1719205364073,1734156662113,1734156616668,IPHONE,220
"United States","Lil Tjay",2017038,1708270854305,1736788294510,1736788295056,IPHONE,221
"United States","Sabrina Carpenter",1988998,1717739773110,1729981482281,1729981482647,IPHONE,222
"United States","Jay Electronica",1987691,1706547082884,1733992443476,1733992444679,IPHONE,223
"United States",NEIKED,1971297,1706330612281,1729980674693,1729980679732,IPHONE,224
"United States","Kevin Abstract",1958284,1711999575400,1735887700523,1735887707991,IPHONE,225
"United States","Janelle Monáe",1919274,1706235134574,1734813554149,1734813555030,IPHONE,226
"United States",Lianas,1880554,1709984328300,1724928137100,1724928137195,IPHONE,227
"United States","Yung Gravy",1863793,1706288308652,1732202406487,1732202443236,IPHONE,228
"United States","Shy Glizzy",1797408,1706405582316,1732395587229,1732395592268,IPHONE,229
"United States","A$AP Ferg",1782683,1711721060308,1735884065914,1735884067104,IPHONE,230
"United States","Ski Mask the Slump God",1751496,1706386073301,1730691615607,1730691615607,"IPHONE, MACINTOSH",231
"United States","Aaron May",1748459,1712893507823,1735779323919,1735779326126,IPHONE,232
"United States","Rico Nasty",1734828,1711033422173,1735606855504,1735606860544,IPHONE,233
"United States",Chenayder,1731685,1735027129254,1736619640518,1736619640921,IPHONE,234
"United States",Lorde,1730157,1707607305468,1730346907471,1730346882117,IPHONE,235
"United States",softy,1711520,1726513210878,1735767399160,1735767404217,IPHONE,236
"United States","Lil Skies",1690690,1709305936251,1733773337585,1733773342621,IPHONE,237
"United States",XXXTENTACION,1677629,1710541483540,1736228838634,1736228843673,IPHONE,238
"United States",Juna,1637456,1709980344095,1724930647964,1724930648039,IPHONE,239
"United States",JOBA,1624104,1721060690953,1727099427447,1727099428233,IPHONE,240
"United States","Vintage Culture",1613756,1719026505507,1729981705618,1729981710655,"IPHONE, MACINTOSH",241
"United States","Peaches & Herb",1610499,1722222230984,1736747553592,1736747554581,IPHONE,242
"United States",Shaboozey,1609605,1718682979871,1734569167868,1734569167947,IPHONE,243
"United States",Somnolent,1604036,1709973724039,1724934339072,1724934339147,IPHONE,244
"United States","Beach House",1602640,1721019296002,1732518675934,1732518477265,IPHONE,245
"United States","Plain White T's",1601449,1707574188345,1735024894283,1735024894517,IPHONE,246
"United States","boy pablo",1588382,1709912261000,1737274724188,1737274695160,IPHONE,247
"United States","Rose Royce",1561536,1722222816336,1730532016663,1730532233965,IPHONE,248
"United States","Rae Sremmurd",1561192,1706405493884,1733895407813,1733895412867,IPHONE,249
"United States","iann dior",1538723,1706276903052,1737475479186,1737475484235,"IPHONE, MACINTOSH",250
"United States",ArrDee,1536704,1711054796688,1730313110606,1730313115671,IPHONE,251
"United States","David Baddiel",1513927,1720981866014,1720988623828,1720987569403,IPHONE,252
"United States",LUVT,1512028,1709972617050,1724920134019,1724920134089,IPHONE,253
"United States","Earth, Wind & Fire",1505437,1707607697938,1736744679523,1736744684551,IPHONE,254
"United States",ABBA,1503267,1709955056260,1736744833818,1736744834477,IPHONE,255
"United States","Holistic Transition",1488965,1709978747447,1724929527466,1724929527571,IPHONE,256
"United States","Pi’erre Bourne",1479810,1714924052540,1731815656021,1731815661061,IPHONE,257
"United States",HOMESHAKE,1475195,1708815943975,1736367991415,1736367996458,"IPHONE, MACINTOSH",258
"United States",AQUINE,1469306,1709970762725,1724925828496,1724925828587,IPHONE,259
"United States","Jhené Aiko",1457007,1715951617336,1736575838898,1736575843947,IPHONE,260
"United States","Lil Durk",1451162,1706207375237,1737396239748,1737396240515,IPHONE,261
"United States","Gentle Skies",1441304,1709977819221,1724919962584,1724919962656,IPHONE,262
"United States","Sky Symphony",1431385,1709973570715,1724916564607,1724916564676,IPHONE,263
"United States","Kota the Friend",1427870,1710178752932,1736090134090,1736090139134,IPHONE,264
"United States","Sleep Terrarium",1419681,1709974451249,1724919579531,1724919579598,IPHONE,265
"United States","Rejjie Snow",1410862,1708814882350,1736365393708,1736365398748,IPHONE,266
"United States",2KBABY,1404779,1716325090680,1732295022143,1732295027989,IPHONE,267
"United States","Snoop Dogg",1394103,1719089153102,1729977525299,1729977515692,IPHONE,268
"United States",Fun.,1366750,1715185875992,1720892703582,1720892703667,IPHONE,269
"United States","Tion Wayne",1359470,1720981389169,1732553895899,1732553752121,IPHONE,270
"United States",Fredo,1359062,1730003491207,1733760183362,1733760183927,IPHONE,271
"United States","Ravyn Lenae",1347042,1718852489197,1736316960232,1736316965276,IPHONE,272
"United States","Keyshia Cole",1340751,1724388490402,1736745090090,1736745091316,IPHONE,273
"United States",JACKBOYS,1331814,1710427356196,1729951105894,1729951111033,IPHONE,274
"United States",Lumin,1316644,1709969265148,1724919815122,1724919815188,IPHONE,275
"United States",¿Téo?,1307529,1706192602535,1735428313447,1735427287822,"IPHONE, MACINTOSH",276
"United States","Yoku Nemuru",1279327,1709968881397,1724930990219,1724930990307,IPHONE,277
"United States","Jay Sean",1272837,1719110272433,1729984581164,1729984586209,IPHONE,278
"United States","Waka Flocka Flame",1263540,1719023474048,1725938694580,1725938694649,IPHONE,279
"United States","Men I Trust",1254697,1706676214558,1732945615913,1732945618775,"IPHONE, MACINTOSH",280
"United States","99 Neighbors",1252157,1707922384370,1736314091455,1736314096497,IPHONE,281
"United States","Odd Future",1251800,1710273051294,1712944572038,1712943853991,IPHONE,282
"United States","Wild Colors",1246961,1709974106828,1724933751294,1724933751368,IPHONE,283
"United States",YG,1240565,1710853776030,1724792830689,1724792830953,IPHONE,284
"United States","Dreamcloud Haze",1239109,1709978438524,1724930227015,1724930227155,IPHONE,285
"United States","Candi Staton",1235258,1722222574588,1727370388533,1727370393608,IPHONE,286
"United States",serpentwithfeet,1225644,1706227011038,1736365144026,1736365149062,"IPHONE, MACINTOSH",287
"United States",Knucks,1215071,1707084698543,1734828054674,1734828059708,IPHONE,288
"United States",Stardust,1211699,1706490420862,1731471658610,1731471659282,IPHONE,289
"United States",RIMON,1208183,1728174329539,1736366328585,1736366333621,IPHONE,290
"United States",Moonflower,1202570,1709970487825,1724929038870,1724929038973,IPHONE,291
"United States",KILLY,1201985,1709306093872,1733777749150,1733777754218,IPHONE,292
"United States",SiR,1200980,1725243339133,1736316323847,1736316328891,IPHONE,293
"United States",Yuna,1185620,1721767235613,1736313389856,1736313394889,"IPHONE, MACINTOSH",294
"United States","Pharrell Williams",1179930,1710983926223,1728794167604,1728794178188,IPHONE,295
"United States","Big Sean",1175365,1710178959041,1735699712735,1735699717832,IPHONE,296
"United States",Masego,1173125,1710972058719,1735236160421,1735236165467,IPHONE,297
"United States","Jessie Reyez",1135098,1708445256856,1730695477316,1730695470503,IPHONE,298
"United States","John Newman",1123680,1719076191167,1729984212421,1729984217462,IPHONE,299
"United States","Tierra Whack",1118571,1706731086238,1736830964621,1736830969702,"IPHONE, MACINTOSH",300
"United States",Amaria,1101705,1707542713723,1736662434842,1736662439928,IPHONE,301
"United States","Glass Animals",1093891,1706332074606,1729983760266,1729983765301,IPHONE,302
"United States",Farelane,1089256,1723100522642,1724923831919,1724923831990,IPHONE,303
"United States",Quavo,1085911,1720239698198,1733896091585,1733896096665,"IPHONE, MACINTOSH",304
"United States",Niteflyte,1083933,1719708485943,1732226599090,1732226294768,IPHONE,305
"United States","Ocean Stay",1071430,1709969627684,1724933901741,1724933901817,IPHONE,306
"United States",Blondie,1071117,1709418633771,1736745877994,1736745883040,IPHONE,307
"United States","Field Journal",1056340,1709982588904,1724926394545,1724926394697,IPHONE,308
"United States",ALLUMARE,1054880,1709969060173,1724934106658,1724934106737,IPHONE,309
"United States","Jim Croce",1045120,1709332250459,1736749195798,1736749195912,IPHONE,310
"United States",Lunarei,1044121,1709968468835,1724921265432,1724921265512,IPHONE,311
"United States",JAY-Z,1042348,1724821440405,1733115802330,1733115802330,"IPHONE, MACINTOSH",312
"United States","Patti LaBelle",1028310,1709333267761,1736746923825,1736746928867,IPHONE,313
"United States","Chance the Rapper",1016989,1712526693618,1736868693146,1736868694625,IPHONE,314
"United States",Fugees,983410,1714632001620,1732226758212,1732226758941,IPHONE,315
"United States",Queen,978703,1706277826000,1731624870507,1731624873313,IPHONE,316
"United States","David Guetta",978395,1720123788892,1730511072897,1730511072944,IPHONE,317
"United States","Golden Slumber",976785,1709972353008,1724929860405,1724929860515,IPHONE,318
"United States","Babyface Ray",965891,1706385762976,1727143487673,1727143492725,IPHONE,319
"United States","Silk Sonic",959635,1707574791309,1727309102127,1727309103879,IPHONE,320
"United States","Weston Estate",955958,1724994533889,1736712654809,1736712655114,IPHONE,321
"United States","Flatbush Zombies",941130,1706559876066,1731524178496,1731524183542,IPHONE,322
"United States",noizZz,940928,1709971637059,1724934486069,1724934486149,IPHONE,323
"United States","Young Nudy",938388,1712515044516,1734832697313,1734832702362,IPHONE,324
"United States",Coldplay,932129,1707083326388,1729532370998,1729532371093,IPHONE,325
"United States","Sleep Symphony",931171,1709982918046,1724922136280,1724922136352,IPHONE,326
"United States","KIDS SEE GHOSTS",930673,1716068304164,1733983403383,1733983408424,IPHONE,327
"United States",Ne-Yo,928188,1719021021715,1720122508849,1720122508976,IPHONE,328
"United States","United Nature",925790,1709972039899,1723112066527,1723112066626,IPHONE,329
"United States","Nordic Lights",924129,1709975295178,1724932242731,1724932242808,IPHONE,330
"United States","Spectrum Voyage",912215,1723096653421,1724930402414,1724930402491,IPHONE,331
"United States","Blue Magic",910631,1722219494590,1722449995822,1722449995933,IPHONE,332
"United States",M.I.A.,908624,1719020799802,1729982219472,1729982220123,IPHONE,333
"United States",Tems,906122,1717902778480,1728512429123,1728512429123,"IPHONE, MACINTOSH",334
"United States","Meek Mill",901638,1710337423611,1732201443441,1732201443846,"IPHONE, MACINTOSH",335
"United States",Raveena,899169,1717773653361,1720412569787,1720412569842,IPHONE,336
"United States","Roddy Ricch",899063,1710427166627,1729950926022,1729950926661,IPHONE,337
"United States",Comethazine,898365,1708546826217,1734815576376,1734815576771,IPHONE,338
"United States",Eagles,892461,1709418249002,1719711247498,1719711279811,IPHONE,339
"United States","The Game",885828,1712246532469,1732650685532,1732650690606,IPHONE,340
"United States","Sound Bath",878129,1709984865447,1724927934912,1724927935015,IPHONE,341
"United States","Injury Reserve",868225,1706995047919,1735885126421,1735885127007,IPHONE,342
"United States","Daniel Caesar",861493,1706678073744,1728873014064,1728873014099,IPHONE,343
"United States","BLP KOSHER",856509,1716264978680,1733808748074,1733808749022,IPHONE,344
"United States","Silent Movement",856141,1709987207924,1724927384545,1724927384728,IPHONE,345
"United States","The Animals",844525,1709417985920,1730531731755,1730531732426,IPHONE,346
"United States","OK Chamomile",843015,1709979214704,1724925626259,1724925626338,IPHONE,347
"United States",DRAM,822754,1709909656883,1727837533830,1727835690269,IPHONE,348
"United States",Radiohead,820792,1728355590998,1732551502880,1732551507924,IPHONE,349
"United States","Forest Halo",820137,1709990465434,1724908501921,1724908501970,IPHONE,350
"United States",Hojean,810053,1706677822386,1725548070390,1725548070492,IPHONE,351
"United States","Mariah Carey",805627,1714367174633,1714631723694,1714631723795,IPHONE,352
"United States",NAV,803382,1706234168590,1723961163422,1723961162784,IPHONE,353
"United States","Waiting For Nova",803129,1709984693906,1724914002353,1724914002420,IPHONE,354
"United States",DaBaby,793864,1706459127931,1732592774836,1732592779870,IPHONE,355
"United States","Teriyaki Boyz",790850,1709401319355,1730936357282,1730936357670,IPHONE,356
"United States","Spiritual Embrace",783688,1723093271559,1724926033917,1724926034297,IPHONE,357
"United States","Tranquil Journeys",776094,1709969504373,1724910211209,1724910211273,IPHONE,358
"United States",ornaut,772257,1726514579954,1726524712500,1726524712561,IPHONE,359
"United States",Beam,771489,1724996609067,1736574794356,1736574799396,IPHONE,360
"United States","Stunna 4 Vegas",768721,1708094160292,1725576646129,1725576596439,IPHONE,361
"United States",Gotye,763285,1720833050429,1729703155286,1729702960547,IPHONE,362
"United States",PARTYNEXTDOOR,761315,1720325012249,1732691534451,1732691539507,IPHONE,363
"United States",Aloen,760430,1709985565585,1724932057334,1724932057421,IPHONE,364
"United States",Brandy,756184,1714364918066,1714659418631,1714658774527,IPHONE,365
"United States",WAVELAB,750736,1723096362339,1724927241089,1724927241165,IPHONE,366
"United States","Reflecting Light",746255,1709971320594,1724918064549,1724918064623,IPHONE,367
"United States",Ozonezzz,739770,1709979431984,1724921790501,1724921790571,IPHONE,368
"United States",Nigo,736309,1732078053877,1735261945614,1735261950659,IPHONE,369
"United States","Dozy Sounds",733086,1709971124787,1724915653151,1724915653220,IPHONE,370
"United States",Tibeauthetraveler,728189,1711652812613,1733679034512,1733679039548,IPHONE,371
"United States","CHASE B",726932,1707882386317,1712583432767,1712583432875,IPHONE,372
"United States",Iyaz,726560,1719021223637,1720900514971,1720900515159,IPHONE,373
"United States",HoKø,724432,1726512929907,1726522983918,1726522983994,IPHONE,374
"United States","Atlas Ocean",720129,1709977209684,1724914175738,1724914175814,IPHONE,375
"United States",Khalid,717136,1713046208687,1725076025092,1725076025255,IPHONE,376
"United States",Rainkloud,716334,1709975113516,1724924558816,1724924558890,IPHONE,377
"United States","Solace Moon",713178,1709970653141,1724922334708,1724922334786,IPHONE,378
"United States",Cochise,712691,1711431162967,1732688619826,1732688624882,"IPHONE, MACINTOSH",379
"United States","Cleo Sol",708804,1732031685159,1736355777401,1736355782454,IPHONE,380
"United States","Banes World",707276,1724998099732,1725545424458,1725545424681,IPHONE,381
"United States","Nature Sound Bath",706086,1709989460505,1724913674718,1724913674785,IPHONE,382
"United States",IDK,704610,1714060206434,1732809600633,1732809292323,IPHONE,383
"United States",KXLLSWXTCH,697701,1708984479100,1727669507614,1727669512692,IPHONE,384
"United States",Doechii,685513,1724543602262,1735797187793,1735797187894,IPHONE,385
"United States",Akon,682508,1718336950407,1723959754557,1723959724540,IPHONE,386
"United States","Kiana Ledé",670361,1717189209437,1719105091398,1719104656206,IPHONE,387
"United States",Wizkid,668713,1707530886889,1736314333530,1736314338565,IPHONE,388
"United States","Chief Keef",662149,1715364069206,1724379789192,1724379789634,IPHONE,389
"United States",xander.,647462,1712677628926,1735767227965,1735767233015,IPHONE,390
"United States","DJ Khaled",647161,1706473623782,1722739911653,1722739912007,IPHONE,391
"United States","VIC MENSA",646860,1719606589840,1730778476931,1730778478036,IPHONE,392
"United States","Mary J. Blige",643828,1714632228398,1714660523182,1714660528238,IPHONE,393
"United States","Stratus Waves",642814,1709968671019,1724924376978,1724924377055,IPHONE,394
"United States",FloatSpace,642129,1709968279489,1723113897306,1723113897417,IPHONE,395
"United States","Beast Coast",636116,1713824017018,1729226074169,1729226079204,IPHONE,396
"United States",Jasper,630069,1728177185773,1736364088082,1736362914139,IPHONE,397
"United States",yasuha,625479,1709397415857,1730526833488,1730526758589,IPHONE,398
"United States",morningtime,625257,1726515916250,1726525348049,1726525348373,IPHONE,399
"United States","Bossman Dlow",624233,1725246944715,1734116228540,1734116229173,"IPHONE, MACINTOSH",400
"United States","John Denver",620809,1707606864552,1734156832816,1734156834401,IPHONE,401
"United States","Asher Roth",619313,1724041637783,1729911975316,1729911980358,IPHONE,402
"United States","John Legend",617477,1729271186218,1732632775265,1732632780365,IPHONE,403
"United States","Asmr Anonymous",616085,1709973206228,1724924174668,1724924174739,IPHONE,404
"United States","NLE Choppa",615156,1716302670749,1733813236091,1733813236129,"IPHONE, MACINTOSH",405
"United States",Rvssian,614286,1710971456487,1732162879525,1732156309619,IPHONE,406
"United States","Caroline Polachek",610443,1706677086967,1706677683840,1706677684005,IPHONE,407
"United States","96 Zeus",607141,1726513500994,1726517590338,1726517590410,IPHONE,408
"United States",Aitch,603521,1710970371305,1735235543833,1735235548891,IPHONE,409
"United States","Bryant Barnes",591456,1728342084174,1736312504891,1736312509936,IPHONE,410
"United States",Shelly,590748,1723788375156,1736897450271,1736897455308,IPHONE,411
"United States","Love Spells",586670,1726457976267,1732550565362,1732550565414,IPHONE,412
"United States","Childish Major",576330,1728253632733,1736229576662,1736229581703,IPHONE,413
"United States",NOCTEM,576086,1709987628766,1724929351562,1724929351782,IPHONE,414
"United States","Still Scapes",574415,1723093605818,1724931371565,1724931371663,IPHONE,415
"United States",iamalex,572199,1726522446261,1733679694333,1733679699375,IPHONE,416
"United States",Bcalm,569071,1708646448236,1735767767955,1735767773046,IPHONE,417
"United States",Roen,566086,1723104148903,1724934762457,1724934762549,IPHONE,418
"United States",Haelmoon,564086,1709987830101,1724914907353,1724914907432,IPHONE,419
"United States",Twista,560185,1720240041092,1726986952932,1726986952991,IPHONE,420
"United States","Teddy Pendergrass",559809,1722312112573,1727673292810,1727673248302,IPHONE,421
"United States","Peach Tree Rascals",557524,1717392735063,1730346829735,1730346829888,IPHONE,422
"United States","Isaiah Rashad",557364,1713208699104,1735768235779,1735768237623,IPHONE,423
"United States",Nas,556233,1725038233832,1735764780357,1735764781411,IPHONE,424
"United States","Key Glock",554247,1716561959307,1731957846275,1731957846549,IPHONE,425
"United States","Katy Perry",554026,1720838493889,1720911218993,1720911219073,IPHONE,426
"United States",Hevi,553953,1712677753017,1735767051919,1735767056968,IPHONE,427
"United States","Gloria Gaynor",551131,1709332634100,1730527861174,1730527861209,IPHONE,428
"United States","Cumulus Flow",545141,1723105480234,1724933170997,1724933171078,IPHONE,429
"United States","Donny Hathaway",543703,1722221835267,1722225617103,1722225618451,IPHONE,430
"United States",Dreamtime,542133,1709980180234,1724924722671,1724924722757,IPHONE,431
"United States","Cactus to Clouds",540094,1709988011510,1724930821337,1724930821422,IPHONE,432
"United States","Arcadian Drift",536086,1709984530648,1724909564276,1724909564340,IPHONE,433
"United States","Her's",532415,1722404584206,1733992216152,1733992221197,IPHONE,434
"United States",JLM,532085,1709971479622,1724932671468,1724932671550,IPHONE,435
"United States",blackbear,527316,1719015856566,1731101144431,1731101149480,"IPHONE, MACINTOSH",436
"United States","Soul for Real",523798,1727672922179,1732204604536,1732204605029,IPHONE,437
"United States",Payday,519482,1713970441862,1737474282719,1737474287795,IPHONE,438
"United States","THE ANXIETY",519274,1706281304831,1724543989597,1724543989669,IPHONE,439
"United States","Dimension 32",516129,1711653478734,1733680218568,1733680223637,IPHONE,440
"United States",DUCKWRTH,516012,1706675907401,1727225867296,1727225872408,IPHONE,441
"United States","Westside Gunn",514005,1710910534651,1733029859081,1733029861688,IPHONE,442
"United States","twenty one pilots",513604,1710167842436,1736830732331,1736830737420,"IPHONE, MACINTOSH",443
"United States",Offset,513144,1706931062061,1710102510159,1710101343211,IPHONE,444
"United States","Maroon 5",506126,1715006307418,1722740842912,1722740843803,IPHONE,445
"United States","Cosmic Acres",503389,1709980565463,1724928554670,1724928554760,IPHONE,446
"United States","Icona Pop",501474,1720913664601,1729983530200,1729983535263,IPHONE,447
"United States","Alba Joy",500458,1723099108350,1724925240691,1724925240763,IPHONE,448
"United States","Ron Suno",500180,1708967129882,1736090082297,1736090087335,IPHONE,449
"United States",SOMNOS,498086,1709990666963,1724915812684,1724915812752,IPHONE,450
"United States","Lucky Daye",498061,1721063274017,1728513981796,1728513981796,"IPHONE, MACINTOSH",451
"United States","Purrple Cat",496932,1726515489553,1735766919103,1735766924163,IPHONE,452
"United States",Pharanae,488824,1709981771213,1723110504893,1723110504975,IPHONE,453
"United States","Quin NFN",486883,1708202014480,1724792325421,1724792330478,IPHONE,454
"United States","mount bliss",486044,1709979057353,1723114404647,1723114404735,IPHONE,455
"United States","Mike Dimes",485141,1725842032178,1725938454797,1725938454867,IPHONE,456
"United States",AIERE,483869,1709976783032,1724921063185,1724921063281,IPHONE,457
"United States","Bo Burnham",483769,1709059659794,1733895720623,1733895725694,IPHONE,458
"United States",KayCyy,483286,1706679005060,1735871821319,1735871826361,IPHONE,459
"United States",Quadeca,482568,1730778591740,1733991901942,1733991906975,IPHONE,460
"United States","Billy Joel",480791,1718832170851,1725336753864,1725336719760,IPHONE,461
"United States","Stratus Drift",480049,1709977952888,1723095464996,1723095465060,IPHONE,462
"United States","Cloud Canopy",475351,1709987500631,1724918980110,1724918980191,IPHONE,463
"United States","Riley Green",474267,1719367807946,1728705948971,1728705949128,IPHONE,464
"United States","ROLE MODEL",474233,1717395763729,1719207070075,1719207070148,IPHONE,465
"United States",DNCE,472068,1706289069117,1720837410643,1720837410733,IPHONE,466
"United States",Raena,471090,1724907032682,1724933403365,1724933403473,IPHONE,467
"United States",Zilo,470975,1729523074001,1736279073372,1736279078426,IPHONE,468
"United States","girl in red",469736,1721763343986,1728253897323,1728253898340,"IPHONE, MACINTOSH",469
"United States","upon a star",463919,1709978301915,1723108863030,1723108863136,IPHONE,470
"United States","Dream Cabin",463409,1709977382924,1724935366831,1724935366882,IPHONE,471
"United States","Jordan Ward",463210,1709139348615,1734886154656,1734886159614,"IPHONE, MACINTOSH",472
"United States","YBN Nahmir",463015,1711931832903,1731681940875,1731681945915,IPHONE,473
"United States","The Internet",462040,1708273164646,1717178208574,1717178213604,IPHONE,474
"United States",Eternas,456629,1709977667817,1724922477521,1724922477593,IPHONE,475
"United States","Swedish House Mafia",455381,1708745617049,1726582619728,1726582624778,IPHONE,476
"United States","Treehouse Studios",454147,1724908066546,1724909771796,1724909771863,IPHONE,477
"United States","Arthur Rubinstein",453752,1706731559734,1706732911533,1706733772652,IPHONE,478
"United States",吴亦凡,453099,1731708322894,1736089776056,1736089781089,IPHONE,479
"United States","Nico Segal",452083,1709854388623,1724545162489,1724545162736,IPHONE,480
"United States","Rick Astley",451529,1709909303829,1736747757275,1736747762337,IPHONE,481
"United States","惣領 智子",451243,1725245962012,1732949487349,1732949359402,IPHONE,482
"United States","Fivio Foreign",449640,1720331655713,1733115472746,1733115472746,"IPHONE, MACINTOSH",483
"United States","Lancey Foux",448105,1734884852393,1735496679284,1735496680231,IPHONE,484
"United States","Stardust Dreams",445763,1709990039134,1723106997209,1723106997283,IPHONE,485
"United States","bbno$",441895,1709400580133,1732204442754,1732204447800,IPHONE,486
"United States","Whitney Houston",440319,1714366159346,1714631221288,1714631221505,IPHONE,487
"United States","Kenny Beats",437481,1706678530504,1733993075477,1733993080560,IPHONE,488
"United States",Remulak,435999,1727273739414,1735699851067,1735699856141,IPHONE,489
"United States","Jamie xx",427296,1718828519046,1720193154261,1720193846000,IPHONE,490
"United States","Astral Perfection",426086,1709972481610,1724928393551,1724928393626,IPHONE,491
"United States","No Spirit",425316,1712677895205,1726514310075,1726514310146,IPHONE,492
"United States","THE CARTERS",422445,1711932215515,1735606249257,1735606254297,IPHONE,493
"United States","Wyclef Jean",417600,1719128637976,1720037473039,1720037473295,IPHONE,494
"United States","jonatan leandoer96",413321,1733990877039,1733991362896,1733991367947,IPHONE,495
"United States",Kesha,412222,1720839284599,1720912295029,1720912295104,IPHONE,496
"United States","Orion Sun",408690,1710118732233,1717190436044,1717190436117,IPHONE,497
"United States","Soft Passage",405043,1709982253676,1723113282140,1723113282237,IPHONE,498
"United States",Hoogway,402794,1726514054513,1733677962359,1733677967400,IPHONE,499
"United States","Destiny's Child",396919,1714364820439,1714660180006,1714660180105,IPHONE,500
"United States","Hip Hop/Rap",1490034902,1706152201994,1737753615557,1737753620704,"IPHONE, MACINTOSH",1
"United States",Alternative,413589807,1706233578887,1737753243401,1737753248464,"IPHONE, MACINTOSH",2
"United States","R&B/Soul",316523456,1706198040186,1737646868739,1737646648772,"IPHONE, MACINTOSH",3
"United States",Pop,261121255,1706208396719,1737753663884,1737753664041,"IPHONE, MACINTOSH",4
"United States","Alternative Rap",73761129,1706192034633,1737753049503,1737753054780,"IPHONE, MACINTOSH",5
"United States",Hip-Hop,73176094,1706283921113,1737746728268,1737746733346,"IPHONE, MACINTOSH",6
"United States","New Age",70346184,1709397415857,1730526833488,1730526758589,IPHONE,7
"United States",Rap,60072031,1706234389981,1737747320939,1737747326007,"IPHONE, MACINTOSH",8
"United States",Electronic,52005260,1706207713509,1737745901307,1737745906351,"IPHONE, MACINTOSH",9
"United States",J-Pop,32152753,1706151287213,1737243808230,1737243813261,"IPHONE, MACINTOSH",10
"United States",Dance,25750401,1706276383374,1737748072141,1737748616023,"IPHONE, MACINTOSH",11
"United States",Soundtrack,20342131,1707882170452,1737252741134,1737252741230,IPHONE,12
"United States",Jazz,19135429,1707947748687,1737645844502,1737645844543,IPHONE,13
"United States",Country,18125769,1711857570268,1737158013154,1737158018194,IPHONE,14
"United States",Latin,13485168,1706192344318,1737745368889,1737745373938,IPHONE,15
"United States","Indie Pop",12406140,1706677086967,1737474185886,1737474190974,"IPHONE, MACINTOSH",16
"United States",Instrumental,11889445,1711653174601,1735767633641,1735767638765,IPHONE,17
"United States","UK Hip Hop",10213150,1725337182770,1737583203019,1737583208069,IPHONE,18
"United States",Rock,9818157,1706277826000,1735025510403,1735025511254,"IPHONE, MACINTOSH",19
"United States",Ambient,9664845,1709974106828,1724934339072,1724934339147,IPHONE,20
"United States","Old School Rap",8605614,1708646319436,1735767767955,1735767773046,IPHONE,21
"United States","Alternative Folk",6466587,1708633082793,1736876055343,1736876060424,IPHONE,22
"United States","Indie Rock",4515451,1706675760904,1736877520603,1736877525643,"IPHONE, MACINTOSH",23
"United States",Singer/Songwriter,4403010,1709332250459,1736875543167,1736875548212,"IPHONE, MACINTOSH",24
"United States",Afro-fusion,2976267,1706803708668,1734569034553,1734569039589,IPHONE,25
"United States",Anime,2394402,1709103381038,1718159301493,1718159301578,IPHONE,26
"United States",Relaxation,1393058,1709982106586,1724934486069,1724934486149,IPHONE,27
"United States",Reggae,1337516,1708379783975,1732066810957,1732066815993,IPHONE,28
"United States",Afrobeats,968067,1707530886889,1736314333530,1736314338565,IPHONE,29
"United States","British Invasion",844525,1709417985920,1730531731755,1730531732426,IPHONE,30
"United States",Electronica,783508,1720123788892,1730511072897,1730511072944,IPHONE,31
"United States",Comedy,680548,1709059659794,1733895720623,1733895725694,IPHONE,32
"United States",Pop/Rock,557559,1734848301493,1735610509378,1735610509415,IPHONE,33
"United States",Classical,453752,1706731559734,1706732911533,1706733772652,IPHONE,34
"United States","Regional Mexicano",361162,1710721581725,1711464567046,1711464572750,IPHONE,35
"United States",Soul,348890,1722224791340,1722311432852,1722311347498,IPHONE,36
"United States","Soft Rock",329200,1706676630322,1723743651186,1723743656241,IPHONE,37
"United States",Neo-Soul,325740,1722226353746,1722226679486,1722226680332,IPHONE,38
"United States",Motown,284949,1722224080891,1722224365840,1722224365923,IPHONE,39
"United States",K-Pop,254290,1707607488660,1711003573684,1711003573483,IPHONE,40
"United States",Americana,239384,1733993226424,1733993465808,1733993470863,IPHONE,41
"United States",Afro-Beat,195390,1710564481742,1710564720467,1710564529955,IPHONE,42
"United States",Nature,192043,1724909372233,1724909564276,1724909564340,IPHONE,43
"United States","Contemporary Jazz",183467,1714784352315,1714784615512,1714784515434,IPHONE,44
"United States",Alte,146378,1717903331978,1717905795072,1717903463801,IPHONE,45
"United States","Contemporary R&B",139460,1711459273569,1711459413029,1711459418100,IPHONE,46
"United States",Christmas,137307,1734729239509,1734729376816,1734729377580,IPHONE,47
"United States",Soundtrack,132985,1723787067740,1723787200725,1723787201178,IPHONE,48
"United States",World,82834,1717396972199,1717397055033,1717397057143,IPHONE,49
"United States","Alternative & Rock in Spanish",73883,1735609955888,1735610029771,1735610034806,IPHONE,50
"United States",Afro-Pop,53630,1717399786316,1717399839946,1717399839995,IPHONE,51
"United States","Christian & Gospel",41743,1727221854287,1727221896030,1727221904397,IPHONE,52
"United States","Hard Rock",36000,1715692949998,1715692985998,1715692986001,IPHONE,53
